tpep_pickup_datetime,tpep_dropoff_datetime,PULocationID,DOLocationID,trip_distance,total_amount,passenger_count
2024-01-01 08:00:00,2024-01-01 08:12:00,161,237,2.1,15.50,1
2024-01-01 09:00:00,2024-01-01 09:35:00,132,230,14.3,48.20,2
2024-01-01 18:10:00,2024-01-01 19:03:00,230,132,15.1,57.40,1
2024-01-02 12:00:00,2024-01-02 12:07:00,79,48,1.2,10.80,1
2024-01-02 18:30:00,2024-01-02 18:50:00,161,79,2.0,17.30,1
2024-01-03 07:20:00,2024-01-03 08:20:00,132,161,17.0,65.00,3
2024-01-03 10:15:00,2024-01-03 10:19:00,48,230,0.7,8.75,1
2024-01-04 16:00:00,2024-01-04 16:18:00,230,186,2.3,16.90,2
2024-01-05 23:15:00,2024-01-06 00:00:00,100,132,13.0,51.00,1
2024-01-06 09:30:00,2024-01-06 09:56:00,161,230,3.8,22.40,1
2024-01-07 14:00:00,2024-01-07 14:32:00,79,237,5.1,27.25,2
2024-01-08 18:45:00,2024-01-08 19:30:00,132,161,15.4,59.20,1
2024-01-09 11:30:00,2024-01-09 11:44:00,186,48,1.9,14.60,1
2024-01-10 20:00:00,2024-01-10 20:50:00,230,138,12.7,49.10,2
2024-01-11 06:05:00,2024-01-11 06:30:00,138,161,9.2,38.40,1
2024-01-12 15:10:00,2024-01-12 15:24:00,161,100,1.5,-2.50,1
2024-01-13 10:00:00,2024-01-13 10:36:00,100,79,4.2,25.30,2
2024-01-14 19:40:00,2024-01-14 20:02:00,48,186,2.9,19.10,1
2024-01-15 08:00:00,2024-01-15 13:00:00,161,230,2.0,20.00,1
2024-01-16 08:00:00,2024-01-16 08:18:00,999,230,2.0,20.00,1
